{"n_components": 11, "components": [[0.06096689707426187, -0.0036167085853741066, 0.12798692190024727, -0.031437653702887716, -0.06129510442924603, 0.009683367836165113, 0.050234794662001314, 0.08645486889608119, 0.0913959013555283, 0.09586353506746025, 0.09349606812663433, 0.06991673457240727, 0.06892244828670908, 0.030448502201991506, -0.05875633941035245, -0.10205795286848902, -0.03787544310941218, -0.11477798023606078, -0.010130627125738412, 0.02535359548562208, 0.1863537295580263, 0.17008824787938542, 0.17625630050943394, 0.1376069581429291, 0.1348720250238404, -0.06389151231539836, -0.09394268627467751, -0.12613966114882064, 0.244674161323831, 0.170949696710264, 0.18248624714170433, 0.16461197485469029, 0.2309357422993765, 0.24431243690709376, 0.2707690732330985, 0.28270127653939237, 0.2826241990569804, 0.28400289601002265, 0.28709103088568644, 0.2821565395322717], [0.007607722839065845, -0.044964125000257586, -0.08169723308790816, 0.03319782357706007, 0.22508928385782892, 0.23561009571209787, 0.21649146743384642, 0.2742550888583561, 0.3125444862560996, 0.32478708090788433, 0.2946154980011107, 0.29884579193750793, 0.3140702650056476, 0.3310651475229231, 0.25942160726536917, 0.22217687919291787, -0.03673519476436296, -0.03410742159855607, -0.0831104011246318, -0.020412235023356106, -0.07649622240245442, -0.07335407143015622, -0.07774107547929078, -0.06337864046400768, -0.052371711395459736, -0.03136825587320273, -0.020486426706130555, -0.014852286225472838, 0.045308842617279445, 0.012534903745797032, -0.017875999125589636, -0.051711129053411665, -0.07205172247101498, -0.040282579491350376, -0.04504024410480513, -0.06241301940460972, -0.05465736321656611, -0.020940589117084074, -0.0040547014139489836, 0.028581780088308202], [-0.11421229112930183, 0.27108625011204834, 0.2927495668936527, -0.02662823888606083, -0.18557690852023523, -0.17680808338639295, -0.16597451894688922, -0.07317983390745444, 0.030344139035797336, 0.12470785203952761, 0.16050472893387185, 0.1543142595544554, 0.128011597038201, 0.055538077536847474, -0.04489816027589163, -0.11127524867315905, -0.10955252828603261, -0.2112758134070539, -0.11145198776476004, -0.204328469299773, -0.1073119937099189, -0.05175829521745674, 0.18534139715385217, 0.21932824455302427, 0.2555651726883752, 0.29179302798320217, 0.2544091729971243, 0.17174513834434277, -0.00027865998863177345, -0.11672558062042965, -0.15045512913785747, -0.23175832040100233, -0.17959699555414904, -0.16123915932474994, -0.09658707889058853, -0.004750196696359982, 0.04999385880587646, 0.09042375362023629, 0.07831967673764446, 0.044826662123253064], [-0.059663886615208384, 0.1765407030444086, 0.13079942561704874, 0.08000480809953464, 0.10873287588596424, -0.12410172085904578, -0.2462776834183539, -0.2482977218895632, -0.15948316806025187, -0.0009250143195471598, 0.027746412296638916, 0.03971599174516407, 0.06889713697253708, 0.1680738217229173, 0.30820781346259785, 0.26360272656723516, 0.24603149084398546, 0.2497402591940695, 0.09824552907409022, 0.2741048595005218, -0.013208994873246898, -0.1840021684037096, 0.048417728167685296, 0.09866740392441782, 0.14096512312784568, 0.09057666563716517, 0.0634780141740945, 0.06256884208109649, 0.11954866885436241, 0.2776821710744698, 0.3100833642479663, 0.24744577588548342, 0.05156910477954935, -0.1298918945369696, -0.08113749853947919, -0.03025538035164471, 0.0031850554539348506, 0.013521274722331007, 0.0053957778342733215, -0.03359430580185195], [0.12586831765020773, -0.1452945924954453, -0.08047778515402394, 0.1980368379400364, 0.12570532616909774, 0.11902973207689402, 0.029026164214643733, -0.07723406581931588, -0.10658733164039474, -0.045368544493723975, 0.043781097235993736, 0.10704579237137084, 0.09975669815771657, 0.03849870502884664, 0.009575082722211626, 0.017218848929041134, -0.12087040601489944, -0.05904833389349935, 0.2582527927315546, 0.27010978797045654, 0.3140733256676027, 0.25815935959643943, -0.024047355148476113, -0.12915250244362536, 0.09518921499112384, 0.289602683606871, 0.34503593020838574, 0.38606053064788104, -0.1828537106677553, -0.21379381558102287, -0.07986318373572851, 0.06176460964846899, 0.16572473648515948, 0.13212865527603834, 0.03834188733519312, -0.042323338051759016, 0.002908888548578587, 0.009955630240337757, 0.0500047748329498, 0.022554080065794485], [-0.05355445066548359, 0.01787817791490834, -0.023457048648363198, -0.011960058878700844, 0.27273200288718275, 0.310438255615336, 0.3094972446701164, 0.17778599585894564, 0.05386136033901623, -0.0853320711510056, -0.2091936913626989, -0.19985730585493663, -0.1770252346167162, -0.1092097100243234, 0.057001401375855604, 0.17958808398266743, 0.2046533195964541, 0.07085163755074791, 0.0069491468074849, -0.0045356284199350744, 0.020038354489548493, 0.06428957594575117, 0.40234010616432486, 0.4016830972565226, 0.2585926110367361, 0.1398462824795098, 0.07954695691360895, -0.006000268953661358, 0.03916562254748243, 0.01686188819049073, -0.09939622664728462, -0.1279164399123269, -0.06474486156442301, -0.05533467605078253, 0.08734733720454978, 0.006982746253351204, -0.017067564875760017, -0.043054024418807346, -0.010622829025554208, -0.1119823258893147], [0.16363825935498222, -0.28472762372792493, 0.005530478465646464, -0.1637574226013808, -0.26214963928215385, -0.1641442650236678, 0.05794980702504398, 0.09131906485637846, 0.15188129476936169, 0.04749795094862745, 0.043393109123672065, 0.07730015032756654, 0.10821534211556855, 0.03223012521478628, -0.14912581686927903, -0.24003951110080501, 0.49318924893090965, 0.341918009754491, -0.08529396628098937, 0.23989870206105504, -0.03409920398473891, 0.10147098932173877, 0.031443480108884224, 0.03573814382173009, -0.053457551465044495, 0.07716388094626475, 0.08480148133718736, 0.19217205567367773, 0.19002843097051647, 0.10223618328548907, -0.13010230831252123, -0.11783245633946807, -0.11541187947799429, 0.026326386770604865, 0.030840496400215356, -0.07627245144490816, -0.13676252882493367, -0.07601788338165802, -0.00902898725063149, 0.13343555785138567], [0.2872646470436869, -0.09770717121652317, -0.0299283801278671, 0.5003565244085183, 0.02214796408378335, 0.07240324163761433, 0.07660868909810531, 0.08556577578402169, 0.07053419428738239, -0.010335923353077658, -0.05839259015407593, -0.07479027104098467, -0.04298100597818708, -0.1251740040471031, -0.16656590387090203, -0.09526713354192229, -0.11462848776100393, -0.007068684916623317, 0.06202424518439222, -0.23779468792475772, -0.2962105267263303, -0.32672023921472804, -0.060403569698126734, -0.006459747628179654, -0.11054595569681479, 0.19687991049854017, 0.203467913457098, 0.1893777728123027, 0.18740467084556647, 0.27463471179328663, 0.1972962225346534, 0.06101613777837661, -0.04520370994976419, -0.0009619898612929154, 0.0883437333778119, 0.05295801724670669, -0.03576041248634236, 0.01807277254918411, 0.01517213546595108, 0.0405928965716517], [0.3767084657448643, 0.31602938064809877, 0.1701961761447688, -0.3227911010098155, 0.04817047658935408, 0.1413067717320362, 0.08216119886551052, 0.059088291223785686, 0.0704584485021247, 0.06699295387564363, 0.06572596336069841, -0.007183751705724015, -0.04135244409892004, -0.08627057781068069, -0.12489302313129491, -0.0864509091437241, 0.043486447558103596, -0.07786300045447858, 0.6378684916706139, 0.14529515272830934, -0.024392747781382295, -0.14561234935387327, -0.02976331709102345, 0.009281690154941583, -0.1041278274675146, -0.02369712437651668, -0.06439413320981185, -0.061474674103715904, 0.0042576507439134525, -0.06033569494571537, 0.03161901311054094, -0.013935161925981071, -0.11090186421306705, -0.09131433296005884, -0.15557121048784384, -0.04045544382783783, -0.04633857862676709, 0.09345126486385119, 0.0684248748572453, 0.03930555788078581], [0.7226405116554774, 0.07105697609691622, -0.045440145193180057, 0.2851619686691131, -0.041521158906214564, -0.10469647973753783, -0.11171389268902802, -0.09089837025698354, -0.021549285498430867, 0.026042078270402263, 