{
  "mean": [
    50.551818181818184,
    53.36272727272727,
    48.14909090909091,
    6.469480065256364,
    25.23487727272727,
    25.005686363636364,
    25.36980454545455,
    25.846922727272727,
    26.06240909090909,
    25.475295454545456,
    24.777213636363637,
    23.906863636363635,
    24.428900000000002,
    24.439104545454544,
    25.100572727272723,
    25.440913636363636,
    65.11186818181818,
    124.62549999999999,
    102.67384545454546,
    137.69072727272726,
    137.43818636363636,
    134.9006090909091,
    121.41484999999999,
    87.76425454545455,
    148.51742272727273,
    289.2339909090909,
    238.02769545454544,
    211.00385909090906,
    66.48479545454545,
    71.64441818181818,
    71.49298636363636,
    72.66771363636364,
    71.5923590909091,
    73.12434545454545,
    76.4621590909091,
    80.41066818181818,
    74.43125454545455,
    70.62961363636363,
    67.71390454545454,
    67.69401818181818
  ],
  "scale": [
    36.90894257695227,
    32.97838509495386,
    50.636418345000635,
    0.7737617731081714,
    6.478923085557844,
    6.507374598505037,
    7.860329197823789,
    8.344249660336688,
    8.52519702336492,
    7.984420836511863,
    9.222396464821902,
    9.774522637939246,
    9.549543328871804,
    7.299251871252241,
    6.657333525668026,
    6.937535816896598,
    73.24831646163919,
    153.38686819555613,
    91.96872072184368,
    127.18668381705753,
    187.9408228118913,
    207.74332180337768,
    209.96986065272068,
    130.95014692583908,
    321.57197265824055,
    863.3446371132236,
    792.8830892924356,
    570.554273287403,
    24.76686501161614,
    27.263058819709542,
    26.707907508652248,
    30.44226223226513,
    34.32507314337912,
    37.82882538282543,
    38.65404630615437,
    40.33776234226194,
    40.201848621772776,
    37.307866076323705,
    37.51441322260476,
    33.92389615327006
  ],
  "feature_weights": [
    0.15017900414770405,
    0.059575223472691466,
    0.193520243521773,
    0.38879097230731086,
    0.05969417507526167,
    0.1464891844780074,
    0.3370213883161175,
    0.3363589661259067,
    0.40974182213110816,
    0.4222111002128981,
    0.3922917528718915,
    0.3869783434483669,
    0.3665492671988754,
    0.24822458863471422,
    0.025854996558878685,
    0.02180338621952769,
    0.4870988227806539,
    0.1641504999154061,
    1.0,
    0.3760221835316139,
    0.009901291354166505,
    0.06360380191602663,
    0.0171153598690009,
    0.08282087650667219,
    0.013602912030566334,
    0.016224080479569077,
    0.014140171016813155,
    0.015758000425698224,
    0.31413182027594116,
    0.05036473703192233,
    0.032319786256961955,
    0.05257955784729879,
    0.009901291354166505,
    0.060852466645942314,
    0.04773157859674537,
    0.1250737192489879,
    0.17575138609596172,
    0.4898151046138453,
    0.4951436796652437,
    0.3721083552502879
  ],
  "feature_names": [
    "N",
    "P",
    "K",
    "ph",
    "t1",
    "t2",
    "t3",
    "t4",
    "t5",
    "t6",
    "t7",
    "t8",
    "t9",
    "t10",
    "t11",
    "t12",
    "r1",
    "r2",
    "r3",
    "r4",
    "r5",
    "r6",
    "r7",
    "r8",
    "r9",
    "r10",
    "r11",
    "r12",
    "h1",
    "h2",
    "h3",
    "h4",
    "h5",
    "h6",
    "h7",
    "h8",
    "h9",
    "h10",
    "h11",
    "h12"
  ]
}