{"mean": [50.551818181818184, 53.36272727272727, 48.14909090909091, 6.469480065256364, 25.37828181818182, 24.92815909090909, 25.442654545454545, 26.45757727272727, 26.776154545454542, 26.381013636363633, 25.29176818181818, 24.530036363636363, 24.52995, 24.95562727272727, 25.62712727272727, 25.785977272727273, 66.41080000000001, 136.8093090909091, 99.70651363636362, 144.77007727272726, 132.0749409090909, 142.15109090909093, 217.6392090909091, 253.30361363636362, 289.32562727272733, 331.43965, 266.0832045454546, 184.40387727272727, 67.59908636363636, 72.94946818181819, 71.95842727272726, 71.98495909090909, 70.46916363636363, 72.55867727272727, 77.72016363636364, 80.90520000000001, 76.03057727272729, 71.22258636363637, 68.95718636363637, 68.81361363636364], "scale": [36.90894257695227, 32.97838509495386, 50.636418345000635, 0.7737617731081714, 6.503891733740259, 6.599804268596229, 7.976432105597502, 8.046235607324357, 8.51275999649549, 8.969779941548959, 10.013243113310509, 10.798456307965566, 9.171550555299202, 7.607065589256885, 7.101356177915584, 7.254425718103637, 76.85982679998465, 146.34724583697536, 96.51522376844255, 126.16567995710832, 184.05138699039304, 209.99972601040764, 504.2675863791438, 792.9639297113457, 591.546794939848, 893.6357591079648, 796.936669769513, 557.9538003149735, 26.07570434212652, 26.93138504420052, 26.07814551199358, 29.43709766137958, 34.89237931685664, 39.04909972568838, 39.46188098625334, 42.280994863972545, 41.91920295567991, 39.34682509880788, 39.130352844885884, 34.81726332629463], "var": [1362.2700421487602, 1087.5738834710746, 2564.046862809917, 0.5987072815235014, 42.300607684214874, 43.557416383780996, 63.623469135206605, 64.74190744857438, 72.46708275793388, 80.45695219981405, 100.26503764626032, 116.60665863504133, 84.1173395884091, 57.86744687925619, 50.42925956561983, 52.62669249948347, 5907.432975723637, 21417.5163640681, 9315.18841907254, 15917.778799039485, 33874.91305308742, 44099.884924446276, 254285.79867264722, 628791.79382326, 349927.61060360656, 798584.8699564685, 635108.0556233218, 311312.44328592136, 679.9423569379959, 725.2995003989876, 680.0696733447108, 866.5427187255991, 1217.478134391405, 1524.832189386756, 1557.240050973223, 1787.6825266872727, 1757.2195764394833, 1548.1726453561776, 1531.1845137652685, 1212.241825532541], "feature_names": ["N", "P", "K", "ph", "t1", "t2", "t3", "t4", "t5", "t6", "t7", "t8", "t9", "t10", "t11", "t12", "r1", "r2", "r3", "r4", "r5", "r6", "r7", "r8", "r9", "r10", "r11", "r12", "h1", "h2", "h3", "h4", "h5", "h6", "h7", "h8", "h9", "h10", "h11", "h12"]}