{
  "mean": [
    50.551818181818184,
    53.36272727272727,
    48.14909090909091,
    6.469480065256364,
    25.23487727272727,
    25.005686363636364,
    25.36980454545455,
    25.846922727272727,
    26.06240909090909,
    25.475295454545456,
    24.777213636363637,
    23.906863636363635,
    24.428900000000002,
    24.439104545454544,
    25.100572727272723,
    25.440913636363636,
    65.11186818181818,
    124.62549999999999,
    102.67384545454546,
    137.69072727272726,
    137.43818636363636,
    134.9006090909091,
    121.41484999999999,
    87.76425454545455,
    148.51742272727273,
    289.2339909090909,
    238.02769545454544,
    211.00385909090906,
    66.48479545454545,
    71.64441818181818,
    71.49298636363636,
    72.66771363636364,
    71.5923590909091,
    73.12434545454545,
    76.4621590909091,
    80.41066818181818,
    74.43125454545455,
    70.62961363636363,
    67.71390454545454,
    67.69401818181818
  ],
  "scale": [
    36.90894257695227,
    32.97838509495386,
    50.636418345000635,
    0.7737617731081714,
    6.478923085557844,
    6.507374598505037,
    7.860329197823789,
    8.344249660336688,
    8.52519702336492,
    7.984420836511863,
    9.222396464821902,
    9.774522637939246,
    9.549543328871804,
    7.299251871252241,
    6.657333525668026,
    6.937535816896598,
    73.24831646163919,
    153.38686819555613,
    91.96872072184368,
    127.18668381705753,
    187.9408228118913,
    207.74332180337768,
    209.96986065272068,
    130.95014692583908,
    321.57197265824055,
    863.3446371132236,
    792.8830892924356,
    570.554273287403,
    24.76686501161614,
    27.263058819709542,
    26.707907508652248,
    30.44226223226513,
    34.32507314337912,
    37.82882538282543,
    38.65404630615437,
    40.33776234226194,
    40.201848621772776,
    37.307866076323705,
    37.51441322260476,
    33.92389615327006
  ],
  "var": [
    1362.2700421487602,
    1087.5738834710746,
    2564.046862809917,
    0.5987072815235014,
    41.97644434857438,
    42.34592416526859,
    61.78477509816116,
    69.62650239402893,
    72.67898428719008,
    63.7509760945248,
    85.05259655435951,
    95.54129279958678,
    91.19377779,
    53.27907787997934,
    44.32008967198347,
    48.12940321072314,
    5365.315864464443,
    23527.531334840907,
    8458.245591212479,
    16176.452540380162,
    35321.752879210726,
    43157.28775390174,
    44087.34238252294,
    17147.94097989884,
    103408.53359931221,
    745363.9624321637,
    628663.5932859164,
    325532.17876651656,
    613.3976025036158,
    743.2743762069422,
    713.3123234907231,
    926.7313298179959,
    1178.2106462983265,
    1431.0200298442974,
    1494.1352958383263,
    1627.1350707808056,
    1616.1886326079339,
    1391.876871168905,
    1407.331199436343,
    1150.8307302178512
  ],
  "n_features_in": 40,
  "feature_names": [
    "N",
    "P",
    "K",
    "ph",
    "t1",
    "t2",
    "t3",
    "t4",
    "t5",
    "t6",
    "t7",
    "t8",
    "t9",
    "t10",
    "t11",
    "t12",
    "r1",
    "r2",
    "r3",
    "r4",
    "r5",
    "r6",
    "r7",
    "r8",
    "r9",
    "r10",
    "r11",
    "r12",
    "h1",
    "h2",
    "h3",
    "h4",
    "h5",
    "h6",
    "h7",
    "h8",
    "h9",
    "h10",
    "h11",
    "h12"
  ]
}